INSERT INTO public.processador_grafico
(id_proc_grafico, nome_gpu, variant_gpu, arquitetura, fundicao, nn_processador, nro_transistors, mm_processador, old_id)
VALUES('01a1ec8a-7925-4038-8e6f-9fce385a0366'::uuid, 'GK104', 'GK104-425-A2', 'Kepler', 'TSMC', 28, 3.54000000, 294, 1);
INSERT INTO public.processador_grafico
(id_proc_grafico, nome_gpu, variant_gpu, arquitetura, fundicao, nn_processador, nro_transistors, mm_processador, old_id)
VALUES('64f83ccb-c2f1-493a-9516-a88e86c3dd97'::uuid, 'Polaris 20', 'Polaris 20 XL (215-0910052)', 'GCN 4.0', 'GlobalFoundries', 14, 5.70000000, 232, 2);
INSERT INTO public.processador_grafico
(id_proc_grafico, nome_gpu, variant_gpu, arquitetura, fundicao, nn_processador, nro_transistors, mm_processador, old_id)
VALUES('4c3bc7a7-52c0-46be-a301-c93038769336'::uuid, 'GP106', 'GP106-300-A1 ', 'Pascal', 'TSMC', 16, 4.40000000, 200, 3);
INSERT INTO public.processador_grafico
(id_proc_grafico, nome_gpu, variant_gpu, arquitetura, fundicao, nn_processador, nro_transistors, mm_processador, old_id)
VALUES('ca9ca528-ff65-44aa-b46a-1c8fb4a90a00'::uuid, 'TU117', 'TU117-300-A1 ', 'Turing', 'TSMC', 12, 4.70000000, 200, 4);
INSERT INTO public.processador_grafico
(id_proc_grafico, nome_gpu, variant_gpu, arquitetura, fundicao, nn_processador, nro_transistors, mm_processador, old_id)
VALUES('4bf5cf2c-522a-4140-a137-6fabd920451c'::uuid, 'Hawaii', 'Hawaii XT (215-0852000)', 'GCN 2.0', 'TSMC', 28, 6.20000000, 438, 5);
INSERT INTO public.processador_grafico
(id_proc_grafico, nome_gpu, variant_gpu, arquitetura, fundicao, nn_processador, nro_transistors, mm_processador, old_id)
VALUES('106a547c-fba0-4c86-aba0-21ec4a3eafb0'::uuid, 'Polaris 20', 'Polaris 20 XTR (215-0910066)', 'GCN 4.0', 'GlobalFoundries', 14, 5.70000000, 232, 6);
INSERT INTO public.processador_grafico
(id_proc_grafico, nome_gpu, variant_gpu, arquitetura, fundicao, nn_processador, nro_transistors, mm_processador, old_id)
VALUES('54ed5654-5860-453d-96ea-36b90a1dee4f'::uuid, 'GM200', 'GM200-310-A1', 'Maxwell 2.0', 'TSMC', 28, 8.00000000, 601, 7);
INSERT INTO public.processador_grafico
(id_proc_grafico, nome_gpu, variant_gpu, arquitetura, fundicao, nn_processador, nro_transistors, mm_processador, old_id)
VALUES('9659fd8e-a336-4c27-8bd5-5bb6e2f5b0fc'::uuid, 'TU116', 'TU116-400-A1', 'Turing', 'TSMC', 12, 6.60000000, 284, 8);
INSERT INTO public.processador_grafico
(id_proc_grafico, nome_gpu, variant_gpu, arquitetura, fundicao, nn_processador, nro_transistors, mm_processador, old_id)
VALUES('91088c3f-5694-4099-8330-30d9166db695'::uuid, 'GK110B', 'GK110-425-B1 ', 'Kepler', 'TSMC', 28, 7.08000000, 561, 9);
INSERT INTO public.processador_grafico
(id_proc_grafico, nome_gpu, variant_gpu, arquitetura, fundicao, nn_processador, nro_transistors, mm_processador, old_id)
VALUES('915fff4a-1b19-4f29-a9f4-d58b4e887882'::uuid, 'Polaris 21', 'Polaris 21 XT (215-0908004)', 'GCN 4.0', 'GlobalFoundries', 14, 3.00000000, 123, 10);
INSERT INTO public.processador_grafico
(id_proc_grafico, nome_gpu, variant_gpu, arquitetura, fundicao, nn_processador, nro_transistors, mm_processador, old_id)
VALUES('22b56e08-0108-49c6-af2e-8ad86f9286be'::uuid, 'GK104', 'GK104-400-A2', 'Kepler', 'TSMC', 28, 3.54000000, 294, 11);
INSERT INTO public.processador_grafico
(id_proc_grafico, nome_gpu, variant_gpu, arquitetura, fundicao, nn_processador, nro_transistors, mm_processador, old_id)
VALUES('6dbe8bb7-1cd5-4c8b-bfa5-aa4f5b3b59d3'::uuid, 'Fiji', 'Fiji XT C8 (215-0862040)', 'GCN 3.0', 'TSMC', 28, 8.90000000, 596, 12);
INSERT INTO public.processador_grafico
(id_proc_grafico, nome_gpu, variant_gpu, arquitetura, fundicao, nn_processador, nro_transistors, mm_processador, old_id)
VALUES('8c57e3ad-41c7-4f40-b8a5-4de8dfafe5d0'::uuid, 'GK104', 'GK104-300-KD-A2', 'Kepler', 'TSMC', 28, 3.54000000, 294, 13);
INSERT INTO public.processador_grafico
(id_proc_grafico, nome_gpu, variant_gpu, arquitetura, fundicao, nn_processador, nro_transistors, mm_processador, old_id)
VALUES('7a51b787-c248-41fa-ba1c-78159fc81793'::uuid, 'Coffee Lake GT2', 'Generation 9.5', NULL, 'Intel', 14, NULL, NULL, 14);
INSERT INTO public.processador_grafico
(id_proc_grafico, nome_gpu, variant_gpu, arquitetura, fundicao, nn_processador, nro_transistors, mm_processador, old_id)
VALUES('b8940bad-6c33-44d1-8628-6015ec988c42'::uuid, 'Sandy Bridge GT2', 'Generation 6.0', NULL, 'Intel', 32, 0.99500000, 216, 15);
INSERT INTO public.processador_grafico
(id_proc_grafico, nome_gpu, variant_gpu, arquitetura, fundicao, nn_processador, nro_transistors, mm_processador, old_id)
VALUES('5c7c1040-46ca-4b55-9cef-0a5ff1907942'::uuid, 'GF110', 'GF110-375-A1', 'Fermi 2.0', 'TSMC', 40, 3.00000000, 520, 16);
INSERT INTO public.processador_grafico
(id_proc_grafico, nome_gpu, variant_gpu, arquitetura, fundicao, nn_processador, nro_transistors, mm_processador, old_id)
VALUES('cbe407d2-b28d-4191-a0ad-f904eb798e35'::uuid, 'GK110', 'GK110-300-A1', 'Kepler', 'TSMC', 28, 7.08000000, 561, 17);
INSERT INTO public.processador_grafico
(id_proc_grafico, nome_gpu, variant_gpu, arquitetura, fundicao, nn_processador, nro_transistors, mm_processador, old_id)
VALUES('523dbf0b-a8e5-4c67-bc24-289f986cd7cd'::uuid, 'GM204', 'GM204-400-A1', 'Maxwell 2.0', 'TSMC', 28, 5.20000000, 398, 18);
INSERT INTO public.processador_grafico
(id_proc_grafico, nome_gpu, variant_gpu, arquitetura, fundicao, nn_processador, nro_transistors, mm_processador, old_id)
VALUES('88d5a2ae-fb1d-4977-be8b-f4358747198a'::uuid, 'GP104', 'GP104-400-A1', 'Pascal', 'TSMC', 16, 7.20000000, 314, 19);
INSERT INTO public.processador_grafico
(id_proc_grafico, nome_gpu, variant_gpu, arquitetura, fundicao, nn_processador, nro_transistors, mm_processador, old_id)
VALUES('c08fa740-3084-4639-8d69-bb544893dce6'::uuid, 'TU104', 'TU104-400A-A1', 'Turing', 'TSMC', 12, 13.60000000, 545, 20);
INSERT INTO public.processador_grafico
(id_proc_grafico, nome_gpu, variant_gpu, arquitetura, fundicao, nn_processador, nro_transistors, mm_processador, old_id)
VALUES('317a2076-684f-470c-a5f2-c7d83f5c958a'::uuid, 'TU102', 'TU102-300A-K1-A1', 'Turing', 'TSMC', 12, 18.60000000, 754, 21);
INSERT INTO public.processador_grafico
(id_proc_grafico, nome_gpu, variant_gpu, arquitetura, fundicao, nn_processador, nro_transistors, mm_processador, old_id)
VALUES('d0075b14-d7f5-4f0c-b811-3b0132515961'::uuid, 'GP102', 'GP102-350-K1-A1', 'Pascal', 'TSMC', 16, 11.80000000, 471, 22);
INSERT INTO public.processador_grafico
(id_proc_grafico, nome_gpu, variant_gpu, arquitetura, fundicao, nn_processador, nro_transistors, mm_processador, old_id)
VALUES('acc88b25-f569-4441-acf4-c348e3a4a17b'::uuid, 'Grenada', 'Grenada XT', 'GCN 2.0', 'TSMC', 28, 6.20000000, 438, 23);
INSERT INTO public.processador_grafico
(id_proc_grafico, nome_gpu, variant_gpu, arquitetura, fundicao, nn_processador, nro_transistors, mm_processador, old_id)
VALUES('eaccfbee-2a28-45db-9bae-59535f0cfa06'::uuid, 'Fiji', 'Fiji XT CA (215-0862120)', 'GCN 3.0', 'TSMC', 28, 8.90000000, 596, 24);
INSERT INTO public.processador_grafico
(id_proc_grafico, nome_gpu, variant_gpu, arquitetura, fundicao, nn_processador, nro_transistors, mm_processador, old_id)
VALUES('2a1090d8-6935-4885-af66-6c105b295572'::uuid, 'Navi 10', 'Navi 10 XL', 'RDNA 1.0', 'TSMC', 7, 10.30000000, 251, 1022);
INSERT INTO public.processador_grafico
(id_proc_grafico, nome_gpu, variant_gpu, arquitetura, fundicao, nn_processador, nro_transistors, mm_processador, old_id)
VALUES('cd2e9512-2b92-477e-824e-a2ce73572639'::uuid, 'GP107', 'GP107-400', 'Pascal', 'Samsung', 14, 3.30000000, 132, 1023);
INSERT INTO public.processador_grafico
(id_proc_grafico, nome_gpu, variant_gpu, arquitetura, fundicao, nn_processador, nro_transistors, mm_processador, old_id)
VALUES('04aab5b5-72f6-45d7-a4f6-6e79b2b00fbd'::uuid, 'Polaris 30', 'Polaris 30 XT', 'GCN 4.0', 'GlobalFoundries', 12, 5.70000000, 232, 1024);
INSERT INTO public.processador_grafico
(id_proc_grafico, nome_gpu, variant_gpu, arquitetura, fundicao, nn_processador, nro_transistors, mm_processador, old_id)
VALUES('0b9f4ca8-3022-4004-a317-b5f802dd9482'::uuid, 'TU106', 'TU106-200A', 'Turing', 'TSMC', 12, 10.80000000, 445, 1025);
INSERT INTO public.processador_grafico
(id_proc_grafico, nome_gpu, variant_gpu, arquitetura, fundicao, nn_processador, nro_transistors, mm_processador, old_id)
VALUES('2f57979a-7a79-400e-babf-6077b5acca0c'::uuid, 'Vega 10', 'Vega 10 XL', 'GCN 5.0', 'GlobalFoundries', 14, 12.50000000, 495, 1026);
INSERT INTO public.processador_grafico
(id_proc_grafico, nome_gpu, variant_gpu, arquitetura, fundicao, nn_processador, nro_transistors, mm_processador, old_id)
VALUES('febf1f8d-f493-4462-a6da-ff95ebe3bf29'::uuid, 'Raven', NULL, 'GCN 5.0', 'GlobalFoundries', 14, 4.94000000, 210, 1027);
INSERT INTO public.processador_grafico
(id_proc_grafico, nome_gpu, variant_gpu, arquitetura, fundicao, nn_processador, nro_transistors, mm_processador, old_id)
VALUES('54f0bc1a-a4f9-424c-8e05-11f5185aa673'::uuid, 'Cayman', 'Cayman XT', 'TeraScale 3', 'TSMC', 40, 2.64000000, 389, 1028);
INSERT INTO public.processador_grafico
(id_proc_grafico, nome_gpu, variant_gpu, arquitetura, fundicao, nn_processador, nro_transistors, mm_processador, old_id)
VALUES('1f9dced3-53d4-45b9-8f41-56b1697aaecf'::uuid, 'Hemlock', 'Hemlock XT', 'TeraScale 2', 'TSMC', 40, 2.15400000, 334, 1029);
INSERT INTO public.processador_grafico
(id_proc_grafico, nome_gpu, variant_gpu, arquitetura, fundicao, nn_processador, nro_transistors, mm_processador, old_id)
VALUES('ec16376e-fc25-4c83-85d0-eadfdb4be031'::uuid, 'Tahiti', 'Tahiti PRO', 'GCN 1.0', 'TSMC', 28, 4.31300000, 352, 1031);
INSERT INTO public.processador_grafico
(id_proc_grafico, nome_gpu, variant_gpu, arquitetura, fundicao, nn_processador, nro_transistors, mm_processador, old_id)
VALUES('5b296a34-7be1-4637-8fce-7dbb0ba56aba'::uuid, 'GF100', 'GF100-375', 'Fermi', 'TSMC', 40, 3.10000000, 529, 1032);
INSERT INTO public.processador_grafico
(id_proc_grafico, nome_gpu, variant_gpu, arquitetura, fundicao, nn_processador, nro_transistors, mm_processador, old_id)
VALUES('09b88e93-7688-4952-b1d3-bc0e662fc891'::uuid, 'Antilles', 'Antilles XT', 'TeraScale 3', 'TSMC', 40, 2.64000000, 389, 1033);
INSERT INTO public.processador_grafico
(id_proc_grafico, nome_gpu, variant_gpu, arquitetura, fundicao, nn_processador, nro_transistors, mm_processador, old_id)
VALUES('7aa6e1a2-fbb2-426e-866e-b4daaa4ac988'::uuid, 'Navi 10', 'Navi 10 XT ', 'RDNA 1.0', 'TSMC', 7, 10.30000000, 251, 1034);
INSERT INTO public.processador_grafico
(id_proc_grafico, nome_gpu, variant_gpu, arquitetura, fundicao, nn_processador, nro_transistors, mm_processador, old_id)
VALUES('11aa47e6-54a2-4f00-b4ea-8f5de9318097'::uuid, 'GP104', 'GP104-400', 'Pascal', 'TSMC', 16, 7.20000000, 314, 1035);
INSERT INTO public.processador_grafico
(id_proc_grafico, nome_gpu, variant_gpu, arquitetura, fundicao, nn_processador, nro_transistors, mm_processador, old_id)
VALUES('3cedfbb7-f130-48f1-8ab0-5114bc5b9677'::uuid, 'Ellesmere', 'Polaris 10', 'GCN 4.0', 'TSMC', 14, 5.70000000, 232, 1036);
INSERT INTO public.processador_grafico
(id_proc_grafico, nome_gpu, variant_gpu, arquitetura, fundicao, nn_processador, nro_transistors, mm_processador, old_id)
VALUES('0ca9d2ed-7df8-43cb-970e-8ec9c1cd5a05'::uuid, 'TESTE', 'TESTE VAR', 'TESTE', 'TESTE', 7, 300.00000000, 300, 1037);
INSERT INTO public.processador_grafico
(id_proc_grafico, nome_gpu, variant_gpu, arquitetura, fundicao, nn_processador, nro_transistors, mm_processador, old_id)
VALUES('f17e083c-e212-4112-a0d5-855f7d39bd60'::uuid, 'GV100', 'GV100-400-', 'Volta', 'TSMC', 12, 21.10000000, 815, 1038);
INSERT INTO public.processador_grafico
(id_proc_grafico, nome_gpu, variant_gpu, arquitetura, fundicao, nn_processador, nro_transistors, mm_processador, old_id)
VALUES('1721b556-6f65-4869-8b21-165b0a8ef718'::uuid, 'Vega 20', 'Vega 20 XT', 'GCN 5.1', 'TSMC', 7, 13.23000000, 331, 1039);
INSERT INTO public.processador_grafico
(id_proc_grafico, nome_gpu, variant_gpu, arquitetura, fundicao, nn_processador, nro_transistors, mm_processador, old_id)
VALUES('8fcf87a4-6429-462e-aeff-8402ed89100a'::uuid, 'Navi 14', 'Navi 14 XT', 'RDNA 1.0', 'TSMC', 7, 6.40000000, 158, 2038);


INSERT INTO public.caracteristicas_graficas
(id_carac_grafica, direct_x, open_gl, open_cl, vulkan, cuda, shader_model, old_id)
VALUES('03320cda-708b-4ef8-b7eb-95ffbec741d6'::uuid, '12.0 (11_0)', '4.6', '1.2', '1.1.103', '3.0', '5.1', 1);
INSERT INTO public.caracteristicas_graficas
(id_carac_grafica, direct_x, open_gl, open_cl, vulkan, cuda, shader_model, old_id)
VALUES('bb8e8e6b-8c83-401a-a1a0-2964a049de60'::uuid, '12.0 (12_0)', '4.6', '2.0', '1.1.108', NULL, '6.4', 2);
INSERT INTO public.caracteristicas_graficas
(id_carac_grafica, direct_x, open_gl, open_cl, vulkan, cuda, shader_model, old_id)
VALUES('32095b1b-74dc-4021-81b3-af231f2c7bdd'::uuid, '12.0 (12_1)', '4.6', '1.2', '1.1.109', '6.1', '6.4', 3);
INSERT INTO public.caracteristicas_graficas
(id_carac_grafica, direct_x, open_gl, open_cl, vulkan, cuda, shader_model, old_id)
VALUES('a9a17e79-fa0d-4b54-9d20-5b1a3d8f45c8'::uuid, '12.0 (12_1)', '4.6', '1.2', '1.1.109', '7.5', '6.4', 4);
INSERT INTO public.caracteristicas_graficas
(id_carac_grafica, direct_x, open_gl, open_cl, vulkan, cuda, shader_model, old_id)
VALUES('b1134edb-e9ca-4a2e-b061-7595e5c22f03'::uuid, '12.0 (12_0)', '4.6', '2.0', '1.1.101', NULL, '6.3', 5);
INSERT INTO public.caracteristicas_graficas
(id_carac_grafica, direct_x, open_gl, open_cl, vulkan, cuda, shader_model, old_id)
VALUES('0bd35f75-36db-49ca-b371-5bf2549c1627'::uuid, '12.0 (12_1)', '4.6', '1.2', '1.1.103', '5.2', '6.4', 6);
INSERT INTO public.caracteristicas_graficas
(id_carac_grafica, direct_x, open_gl, open_cl, vulkan, cuda, shader_model, old_id)
VALUES('48b3701c-4987-46d9-8d58-69618b7b4d72'::uuid, '12.0 (11_0)', '4.6', '1.2', '1.1.103', '3.5', '5.1', 7);
INSERT INTO public.caracteristicas_graficas
(id_carac_grafica, direct_x, open_gl, open_cl, vulkan, cuda, shader_model, old_id)
VALUES('9d7cb299-8385-4b77-93c3-de47b9712bbb'::uuid, '12.0 (12_1)', '4.6', '2.1', '1.1.103', NULL, '6.4', 8);
INSERT INTO public.caracteristicas_graficas
(id_carac_grafica, direct_x, open_gl, open_cl, vulkan, cuda, shader_model, old_id)
VALUES('bef8ce43-e287-456b-a8b0-db1036cf30ad'::uuid, '11.1 (10_1)', '3.1', 'N/A', 'N/A', NULL, '4.1', 9);
INSERT INTO public.caracteristicas_graficas
(id_carac_grafica, direct_x, open_gl, open_cl, vulkan, cuda, shader_model, old_id)
VALUES('ba62c2f5-50df-4440-8ef8-a3e8d32f93c0'::uuid, '12.0 (11_0)', '4.6', '1.1', 'N/A', '2.0', '5.1', 10);
INSERT INTO public.caracteristicas_graficas
(id_carac_grafica, direct_x, open_gl, open_cl, vulkan, cuda, shader_model, old_id)
VALUES('52eaf8a4-db1b-4b5f-8b68-3ae86487a422'::uuid, '12.0 (12_1)', '4.6', '2.0', '1.1.108', NULL, '6.4', 11);
INSERT INTO public.caracteristicas_graficas
(id_carac_grafica, direct_x, open_gl, open_cl, vulkan, cuda, shader_model, old_id)
VALUES('a43680d2-4638-4010-ab2e-bfcf9b1ca5ec'::uuid, '12.0 (12_1)', '4.6', '2.0', '1.1.101', NULL, '6.4', 12);
INSERT INTO public.caracteristicas_graficas
(id_carac_grafica, direct_x, open_gl, open_cl, vulkan, cuda, shader_model, old_id)
VALUES('5edc8bd9-014b-4979-a784-1b3b34a12e29'::uuid, '11.2 (11_0)', '4.4', '1.2', NULL, NULL, '5.0', 13);
INSERT INTO public.caracteristicas_graficas
(id_carac_grafica, direct_x, open_gl, open_cl, vulkan, cuda, shader_model, old_id)
VALUES('556189a6-0117-42d9-b96e-7e9ad2088c19'::uuid, '12.0 (12_0)', '4.6', '1.2', '1.1.101', NULL, '5.1', 14);
INSERT INTO public.caracteristicas_graficas
(id_carac_grafica, direct_x, open_gl, open_cl, vulkan, cuda, shader_model, old_id)
VALUES('78e5a4ef-1f62-4818-9bf2-9a02134845ea'::uuid, '12.0 (12_1)', '4.6', '2.0', '1.1.113', NULL, '6.4', 15);
INSERT INTO public.caracteristicas_graficas
(id_carac_grafica, direct_x, open_gl, open_cl, vulkan, cuda, shader_model, old_id)
VALUES('d6ee5230-b5be-48df-973c-7aa812c1da65'::uuid, '12.0 (12_1)', '4.6', '1.2', '1.1.117', '7.5', '6.4', 16);
INSERT INTO public.caracteristicas_graficas
(id_carac_grafica, direct_x, open_gl, open_cl, vulkan, cuda, shader_model, old_id)
VALUES('673fe8d0-c472-4d1d-bb5a-1d4351b2599a'::uuid, '12.0 (12_1)', '4.6', '1.2', '1.1.117', '6.1', '6.4', 17);
INSERT INTO public.caracteristicas_graficas
(id_carac_grafica, direct_x, open_gl, open_cl, vulkan, cuda, shader_model, old_id)
VALUES('847bd28f-9fbd-429d-a80d-c816056a0a96'::uuid, '12.0 (12_0)', '4.6', '2.0', '1.1.113', NULL, '6.4', 18);
INSERT INTO public.caracteristicas_graficas
(id_carac_grafica, direct_x, open_gl, open_cl, vulkan, cuda, shader_model, old_id)
VALUES('e0e73299-cb07-4653-b1c2-d86744d844b4'::uuid, 'DX Teste 3', 'GL Teste 3', 'CL Teste 3', 'Vulkan TESTE', 'Cuda Teste', 'Shader Teste', 19);
INSERT INTO public.caracteristicas_graficas
(id_carac_grafica, direct_x, open_gl, open_cl, vulkan, cuda, shader_model, old_id)
VALUES('f1cb655e-1305-4235-884d-2a9f95892338'::uuid, '12.0 (12_1)', '4.6', '1.2', '1.1.126', '7.5', '6.4', 20);
INSERT INTO public.caracteristicas_graficas
(id_carac_grafica, direct_x, open_gl, open_cl, vulkan, cuda, shader_model, old_id)
VALUES('1d675f5c-3c14-40b3-8437-c72403dba4c3'::uuid, '12.0 (12_1)', '4.6', '1.2', '1.1.122', '6.1', '6.4', 21);
INSERT INTO public.caracteristicas_graficas
(id_carac_grafica, direct_x, open_gl, open_cl, vulkan, cuda, shader_model, old_id)
VALUES('2440bb25-f544-4cc9-9d91-af65f45a51f6'::uuid, '12.0 (12_1)', '4.6', '1.2', '1.1.122', '7.0', '6.4', 23);
INSERT INTO public.caracteristicas_graficas
(id_carac_grafica, direct_x, open_gl, open_cl, vulkan, cuda, shader_model, old_id)
VALUES('0f9a6759-32f7-4944-b62b-07272611d47b'::uuid, '12.0 (12_1)', '4.6', '2.0', '1.1.125', '0', '6.4', 24);
INSERT INTO public.caracteristicas_graficas
(id_carac_grafica, direct_x, open_gl, open_cl, vulkan, cuda, shader_model, old_id)
VALUES('8f05fb99-5e8d-4c0e-b394-60b9570907ac'::uuid, '12.0 (12_0)', '4.6', '2.0', '1.1.121', '', '6.4', 26);
INSERT INTO public.caracteristicas_graficas
(id_carac_grafica, direct_x, open_gl, open_cl, vulkan, cuda, shader_model, old_id)
VALUES('6dc17db7-445c-4425-9274-2c7a73fc095e'::uuid, '12.0 (12_1)', '4.6', '1.2', '1.1.126', '6.1', '6.4', 27);



INSERT INTO public.render_config
(id_render_config, shading_units, tmus, rops, sm_count, l1_cache, l2_cache, tensor_cores, rt_cores, old_id)
VALUES('af6b184c-fe73-4bc9-ac45-2e4489fd7c26'::uuid, 1536, 128, 32, 8, 16, 512, NULL, NULL, 1);
INSERT INTO public.render_config
(id_render_config, shading_units, tmus, rops, sm_count, l1_cache, l2_cache, tensor_cores, rt_cores, old_id)
VALUES('12b9b661-9e9e-4cc2-a421-6ecf6adc7741'::uuid, 2048, 128, 32, 32, 16, 2048, NULL, NULL, 2);
INSERT INTO public.render_config
(id_render_config, shading_units, tmus, rops, sm_count, l1_cache, l2_cache, tensor_cores, rt_cores, old_id)
VALUES('35f895ea-3ee1-4eb4-ae99-933511c2472f'::uuid, 1152, 72, 48, 9, 48, 1536, NULL, NULL, 3);
INSERT INTO public.render_config
(id_render_config, shading_units, tmus, rops, sm_count, l1_cache, l2_cache, tensor_cores, rt_cores, old_id)
VALUES('fa878e4d-abc3-46f8-b1cb-15502a584a52'::uuid, 896, 56, 32, 14, 64, 1024, NULL, NULL, 4);
INSERT INTO public.render_config
(id_render_config, shading_units, tmus, rops, sm_count, l1_cache, l2_cache, tensor_cores, rt_cores, old_id)
VALUES('599474aa-1b66-49d7-a1b9-9c67da3807e9'::uuid, 2816, 176, 64, 44, 16, 1024, NULL, NULL, 5);
INSERT INTO public.render_config
(id_render_config, shading_units, tmus, rops, sm_count, l1_cache, l2_cache, tensor_cores, rt_cores, old_id)
VALUES('60324dcc-7977-4660-b127-7745b7f16b00'::uuid, 2304, 144, 32, 36, 16, 2048, NULL, NULL, 6);
INSERT INTO public.render_config
(id_render_config, shading_units, tmus, rops, sm_count, l1_cache, l2_cache, tensor_cores, rt_cores, old_id)
VALUES('cd4811af-d50c-464e-b28d-0bcc4ac6e6dd'::uuid, 2816, 176, 96, 22, 48, 3072, NULL, NULL, 7);
INSERT INTO public.render_config
(id_render_config, shading_units, tmus, rops, sm_count, l1_cache, l2_cache, tensor_cores, rt_cores, old_id)
VALUES('eb24fc12-6b71-4adb-83e3-7d07b40e5dda'::uuid, 1536, 96, 48, 24, 64, 1536, NULL, NULL, 8);
INSERT INTO public.render_config
(id_render_config, shading_units, tmus, rops, sm_count, l1_cache, l2_cache, tensor_cores, rt_cores, old_id)
VALUES('ff9a81f9-334e-4c5d-a2bf-72502f6747e2'::uuid, 2880, 240, 48, 15, 16, 1536, NULL, NULL, 9);
INSERT INTO public.render_config
(id_render_config, shading_units, tmus, rops, sm_count, l1_cache, l2_cache, tensor_cores, rt_cores, old_id)
VALUES('68f8a634-5716-436e-a9c3-acb91c8799d6'::uuid, 1024, 64, 16, 16, 16, 1024, NULL, NULL, 10);
INSERT INTO public.render_config
(id_render_config, shading_units, tmus, rops, sm_count, l1_cache, l2_cache, tensor_cores, rt_cores, old_id)
VALUES('2235415c-66ee-474d-bcf7-6bdad816a587'::uuid, 4096, 256, 64, 64, 16, 2048, NULL, NULL, 11);
INSERT INTO public.render_config
(id_render_config, shading_units, tmus, rops, sm_count, l1_cache, l2_cache, tensor_cores, rt_cores, old_id)
VALUES('70d9054b-75a9-4052-9960-c855097bfa9d'::uuid, 1408, 88, 48, 22, 64, 1536, NULL, NULL, 12);
INSERT INTO public.render_config
(id_render_config, shading_units, tmus, rops, sm_count, l1_cache, l2_cache, tensor_cores, rt_cores, old_id)
VALUES('bc94e662-faa0-4849-9560-24ec9edb5377'::uuid, 1344, 112, 24, 7, 16, 384, NULL, NULL, 13);
INSERT INTO public.render_config
(id_render_config, shading_units, tmus, rops, sm_count, l1_cache, l2_cache, tensor_cores, rt_cores, old_id)
VALUES('ff7bc84e-3c99-4e16-9b3b-a7dcf730eefa'::uuid, 184, 23, 3, 23, 0, 0, NULL, NULL, 14);
INSERT INTO public.render_config
(id_render_config, shading_units, tmus, rops, sm_count, l1_cache, l2_cache, tensor_cores, rt_cores, old_id)
VALUES('91a2eafd-1a8c-4d0c-a41c-900e808fd5f1'::uuid, 96, 12, 2, 12, 0, 0, NULL, NULL, 15);
INSERT INTO public.render_config
(id_render_config, shading_units, tmus, rops, sm_count, l1_cache, l2_cache, tensor_cores, rt_cores, old_id)
VALUES('2802e4d2-2601-4543-91d4-0f52fcf55ae4'::uuid, 512, 64, 48, 16, 64, 768, NULL, NULL, 16);
INSERT INTO public.render_config
(id_render_config, shading_units, tmus, rops, sm_count, l1_cache, l2_cache, tensor_cores, rt_cores, old_id)
VALUES('e16300c8-8ca7-401c-a0a0-0c72eab9f376'::uuid, 2304, 192, 48, 12, 16, 1536, NULL, NULL, 17);
INSERT INTO public.render_config
(id_render_config, shading_units, tmus, rops, sm_count, l1_cache, l2_cache, tensor_cores, rt_cores, old_id)
VALUES('ce7f1f02-4ca1-4993-a4a6-915773036f26'::uuid, 2048, 128, 64, 16, 48, 2048, NULL, NULL, 18);
INSERT INTO public.render_config
(id_render_config, shading_units, tmus, rops, sm_count, l1_cache, l2_cache, tensor_cores, rt_cores, old_id)
VALUES('e0a7b4f1-b47f-426c-b784-31df1f17f981'::uuid, 2560, 160, 64, 20, 48, 2048, NULL, NULL, 19);
INSERT INTO public.render_config
(id_render_config, shading_units, tmus, rops, sm_count, l1_cache, l2_cache, tensor_cores, rt_cores, old_id)
VALUES('dae3acf9-9242-418c-8539-d9062747f2e5'::uuid, 2944, 184, 64, 46, 64, 4096, 368, 46, 20);
INSERT INTO public.render_config
(id_render_config, shading_units, tmus, rops, sm_count, l1_cache, l2_cache, tensor_cores, rt_cores, old_id)
VALUES('dd183c89-0509-4542-948a-1baf7898a0a4'::uuid, 4352, 272, 88, 68, 64, 5632, 544, 68, 21);
INSERT INTO public.render_config
(id_render_config, shading_units, tmus, rops, sm_count, l1_cache, l2_cache, tensor_cores, rt_cores, old_id)
VALUES('beaa3304-11e9-4c2a-9f6f-ba31a9343060'::uuid, 4608, 288, 96, 72, 64, 6144, 576, 72, 22);
INSERT INTO public.render_config
(id_render_config, shading_units, tmus, rops, sm_count, l1_cache, l2_cache, tensor_cores, rt_cores, old_id)
VALUES('ea6c371a-8c7d-4558-bbf9-aab599385089'::uuid, 3584, 224, 88, 28, 48, 2805, NULL, NULL, 23);
INSERT INTO public.render_config
(id_render_config, shading_units, tmus, rops, sm_count, l1_cache, l2_cache, tensor_cores, rt_cores, old_id)
VALUES('18edaba4-f58d-4c38-8ea0-249cdb4208d2'::uuid, 2560, 160, 64, 40, 64, 4096, 320, 40, 24);
INSERT INTO public.render_config
(id_render_config, shading_units, tmus, rops, sm_count, l1_cache, l2_cache, tensor_cores, rt_cores, old_id)
VALUES('18a13607-7c75-4b4e-aaa8-fecde2eb9909'::uuid, 4096, 256, 64, 64, 16, 4096, 0, 0, 26);
INSERT INTO public.render_config
(id_render_config, shading_units, tmus, rops, sm_count, l1_cache, l2_cache, tensor_cores, rt_cores, old_id)
VALUES('b075bb41-abd1-40d8-85aa-b1e4b170588b'::uuid, 3072, 192, 64, 48, 64, 4096, 384, 48, 27);
INSERT INTO public.render_config
(id_render_config, shading_units, tmus, rops, sm_count, l1_cache, l2_cache, tensor_cores, rt_cores, old_id)
VALUES('d6d6e300-c5f6-4d26-bc8a-d20507a34686'::uuid, 2432, 152, 64, 19, 48, 2048, 0, 0, 28);
INSERT INTO public.render_config
(id_render_config, shading_units, tmus, rops, sm_count, l1_cache, l2_cache, tensor_cores, rt_cores, old_id)
VALUES('99f3d656-e53b-4ae7-a2c3-001cb64398b0'::uuid, 3584, 224, 64, 56, 16, 2048, 0, 0, 29);
INSERT INTO public.render_config
(id_render_config, shading_units, tmus, rops, sm_count, l1_cache, l2_cache, tensor_cores, rt_cores, old_id)
VALUES('99fdd2c4-8084-4a73-beef-ab76da2d48c8'::uuid, 1664, 104, 56, 13, 48, 2048, 0, 0, 30);
INSERT INTO public.render_config
(id_render_config, shading_units, tmus, rops, sm_count, l1_cache, l2_cache, tensor_cores, rt_cores, old_id)
VALUES('74c9aefd-7b11-49eb-9f21-91f94f0bebe4'::uuid, 3584, 224, 96, 28, 48, 3072, 0, 0, 31);
INSERT INTO public.render_config
(id_render_config, shading_units, tmus, rops, sm_count, l1_cache, l2_cache, tensor_cores, rt_cores, old_id)
VALUES('99ded606-1049-413b-b7d8-9378cee67592'::uuid, 640, 40, 32, 5, 48, 1024, 0, 0, 32);
INSERT INTO public.render_config
(id_render_config, shading_units, tmus, rops, sm_count, l1_cache, l2_cache, tensor_cores, rt_cores, old_id)
VALUES('44164305-c90e-4a90-bed2-552f4fc861ef'::uuid, 2304, 144, 64, 36, NULL, 4096, NULL, NULL, 1023);
INSERT INTO public.render_config
(id_render_config, shading_units, tmus, rops, sm_count, l1_cache, l2_cache, tensor_cores, rt_cores, old_id)
VALUES('55d83bfa-32c8-49ea-99f4-5c4f319bf696'::uuid, 768, 48, 32, 6, 48, 1024, NULL, NULL, 1024);
INSERT INTO public.render_config
(id_render_config, shading_units, tmus, rops, sm_count, l1_cache, l2_cache, tensor_cores, rt_cores, old_id)
VALUES('a8eae76d-8775-4bb3-9c7c-d91e64dd4dce'::uuid, 1024, 64, 16, 16, 16, 1024, NULL, NULL, 1025);
INSERT INTO public.render_config
(id_render_config, shading_units, tmus, rops, sm_count, l1_cache, l2_cache, tensor_cores, rt_cores, old_id)
VALUES('6ab731e0-44f3-401f-a58a-7862fe118f02'::uuid, 1920, 120, 64, 15, 48, 2048, NULL, NULL, 1026);
INSERT INTO public.render_config
(id_render_config, shading_units, tmus, rops, sm_count, l1_cache, l2_cache, tensor_cores, rt_cores, old_id)
VALUES('20abd55a-435e-4216-9414-9391d991a88e'::uuid, 1920, 120, 48, 30, 64, 3072, 240, 30, 1027);
INSERT INTO public.render_config
(id_render_config, shading_units, tmus, rops, sm_count, l1_cache, l2_cache, tensor_cores, rt_cores, old_id)
VALUES('7375623a-c3a1-4b9a-b004-a55e6496c64b'::uuid, 3584, 224, 64, 56, 16, 4096, NULL, NULL, 1028);
INSERT INTO public.render_config
(id_render_config, shading_units, tmus, rops, sm_count, l1_cache, l2_cache, tensor_cores, rt_cores, old_id)
VALUES('7f128862-316c-43e8-83c6-f950587b3d7a'::uuid, 704, 44, 8, 11, NULL, NULL, NULL, NULL, 1029);
INSERT INTO public.render_config
(id_render_config, shading_units, tmus, rops, sm_count, l1_cache, l2_cache, tensor_cores, rt_cores, old_id)
VALUES('b8a9d20d-afc6-4e55-acc2-8756032fcd75'::uuid, 480, 60, 40, 15, 64, 640, NULL, NULL, 1030);
INSERT INTO public.render_config
(id_render_config, shading_units, tmus, rops, sm_count, l1_cache, l2_cache, tensor_cores, rt_cores, old_id)
VALUES('90d6946d-98a0-44ab-b264-a6f31b735b86'::uuid, 1024, 128, 96, 32, 128, 1536, NULL, NULL, 1031);
INSERT INTO public.render_config
(id_render_config, shading_units, tmus, rops, sm_count, l1_cache, l2_cache, tensor_cores, rt_cores, old_id)
VALUES('8c27e4e2-0043-4aab-af9d-90685ba6d22c'::uuid, 1536, 96, 32, 24, 16, 512, NULL, NULL, 1032);
INSERT INTO public.render_config
(id_render_config, shading_units, tmus, rops, sm_count, l1_cache, l2_cache, tensor_cores, rt_cores, old_id)
VALUES('344f11f7-c599-4706-8c40-293873ff0400'::uuid, 3200, 160, 64, 40, 16, 512, NULL, NULL, 1033);
INSERT INTO public.render_config
(id_render_config, shading_units, tmus, rops, sm_count, l1_cache, l2_cache, tensor_cores, rt_cores, old_id)
VALUES('38f454a1-0c93-48f3-92c8-414bcb971a0d'::uuid, 1792, 112, 32, 28, 16, 768, NULL, NULL, 1034);
INSERT INTO public.render_config
(id_render_config, shading_units, tmus, rops, sm_count, l1_cache, l2_cache, tensor_cores, rt_cores, old_id)
VALUES('14b16308-cce3-42de-9cff-c5aeabc2fbfa'::uuid, 2048, 128, 32, 32, 16, 768, NULL, NULL, 1035);
INSERT INTO public.render_config
(id_render_config, shading_units, tmus, rops, sm_count, l1_cache, l2_cache, tensor_cores, rt_cores, old_id)
VALUES('7efd44ef-9c10-4a19-b88e-8fb848855f3d'::uuid, 480, 60, 40, 15, 64, 768, NULL, NULL, 1036);
INSERT INTO public.render_config
(id_render_config, shading_units, tmus, rops, sm_count, l1_cache, l2_cache, tensor_cores, rt_cores, old_id)
VALUES('30963fa0-732f-4e7f-a153-a6e0f7dee720'::uuid, 3072, 192, 64, 48, 16, 512, NULL, NULL, 1037);
INSERT INTO public.render_config
(id_render_config, shading_units, tmus, rops, sm_count, l1_cache, l2_cache, tensor_cores, rt_cores, old_id)
VALUES('f04a5f08-92ad-461d-af8c-948717409cb3'::uuid, 2560, 160, 64, 40, NULL, 4096, NULL, NULL, 1038);
INSERT INTO public.render_config
(id_render_config, shading_units, tmus, rops, sm_count, l1_cache, l2_cache, tensor_cores, rt_cores, old_id)
VALUES('5ef53a9e-9382-4186-8acb-931df02d480b'::uuid, 2176, 136, 64, 34, 64, 4096, 272, 34, 1039);
INSERT INTO public.render_config
(id_render_config, shading_units, tmus, rops, sm_count, l1_cache, l2_cache, tensor_cores, rt_cores, old_id)
VALUES('c8617f12-453f-4f55-9f00-b1cafec9d8db'::uuid, 2300, 144, 32, 20, 16, 32, 1000, 1000, 1040);
INSERT INTO public.render_config
(id_render_config, shading_units, tmus, rops, sm_count, l1_cache, l2_cache, tensor_cores, rt_cores, old_id)
VALUES('0b5a1d97-c0bf-463b-bb67-2b935a7a36a1'::uuid, 1280, 80, 32, 20, 64, 1024, 0, 0, 1041);
INSERT INTO public.render_config
(id_render_config, shading_units, tmus, rops, sm_count, l1_cache, l2_cache, tensor_cores, rt_cores, old_id)
VALUES('3f21dbf1-3b0b-4b2d-aea9-55a1b4fc64c4'::uuid, 1280, 80, 48, 10, 48, 1536, 0, 0, 1042);
INSERT INTO public.render_config
(id_render_config, shading_units, tmus, rops, sm_count, l1_cache, l2_cache, tensor_cores, rt_cores, old_id)
VALUES('0c2eecda-0cb1-405e-82d0-67853d00af03'::uuid, 3840, 240, 96, 30, 48, 3072, 0, 0, 1043);
INSERT INTO public.render_config
(id_render_config, shading_units, tmus, rops, sm_count, l1_cache, l2_cache, tensor_cores, rt_cores, old_id)
VALUES('9b6d93dd-2615-49fb-ac6d-74b34b775b72'::uuid, 5120, 320, 96, 80, 96, 4608, 640, 0, 1044);
INSERT INTO public.render_config
(id_render_config, shading_units, tmus, rops, sm_count, l1_cache, l2_cache, tensor_cores, rt_cores, old_id)
VALUES('faf7753f-d995-427f-89f2-248a67560db5'::uuid, 2304, 144, 64, 36, 64, 4096, 288, 36, 1045);
INSERT INTO public.render_config
(id_render_config, shading_units, tmus, rops, sm_count, l1_cache, l2_cache, tensor_cores, rt_cores, old_id)
VALUES('fa8c87df-5ad1-4f37-b371-c27ce02ecd8a'::uuid, 3840, 240, 64, 60, 16, 4096, 0, 0, 1046);
INSERT INTO public.render_config
(id_render_config, shading_units, tmus, rops, sm_count, l1_cache, l2_cache, tensor_cores, rt_cores, old_id)
VALUES('2f9fdc2b-150c-407a-93c7-0960b8412788'::uuid, 1408, 88, 32, 22, 0, 2048, 0, 0, 2043);




INSERT INTO public.gpus
(id_gpu, id_processador_grafico, id_caracteristicas_graficas, id_render_config, nome_fabricante, nome_modelo, tam_memoria_kb, tp_memoria, tam_banda, tdp, gpu_clock, boost_clock, mem_clock, mem_clock_efetivo, bus_interface, dt_lancto, old_id)
VALUES('669e6eb0-6528-489a-ac90-bb3670cb6a78'::uuid, '01a1ec8a-7925-4038-8e6f-9fce385a0366'::uuid, '03320cda-708b-4ef8-b7eb-95ffbec741d6'::uuid, 'af6b184c-fe73-4bc9-ac45-2e4489fd7c26'::uuid, 'NVIDIA', 'GeForce GTX 770', 2048, 'GDDR5', 256, 230.00, 1046.00, 1085.00, 1753.00, 7012.00, 'PCIe 3.0 x16', '2013-03-30 00:00:00.000', 1);
INSERT INTO public.gpus
(id_gpu, id_processador_grafico, id_caracteristicas_graficas, id_render_config, nome_fabricante, nome_modelo, tam_memoria_kb, tp_memoria, tam_banda, tdp, gpu_clock, boost_clock, mem_clock, mem_clock_efetivo, bus_interface, dt_lancto, old_id)
VALUES('a41adbc8-acf0-432e-bd13-a2eb7d66b034'::uuid, '64f83ccb-c2f1-493a-9516-a88e86c3dd97'::uuid, 'bb8e8e6b-8c83-401a-a1a0-2964a049de60'::uuid, '12b9b661-9e9e-4cc2-a421-6ecf6adc7741'::uuid, 'AMD', 'GIGABYTE AORUS RX 570', 4096, 'GDDR5', 256, 120.00, 1244.00, 1295.00, 1750.00, 7000.00, 'PCIe 3.0 x16', '2017-04-18 00:00:00.000', 2);
INSERT INTO public.gpus
(id_gpu, id_processador_grafico, id_caracteristicas_graficas, id_render_config, nome_fabricante, nome_modelo, tam_memoria_kb, tp_memoria, tam_banda, tdp, gpu_clock, boost_clock, mem_clock, mem_clock_efetivo, bus_interface, dt_lancto, old_id)
VALUES('2cb6980d-bbe1-43df-bfd3-ce6fc038dc19'::uuid, '4c3bc7a7-52c0-46be-a301-c93038769336'::uuid, '32095b1b-74dc-4021-81b3-af231f2c7bdd'::uuid, '35f895ea-3ee1-4eb4-ae99-933511c2472f'::uuid, 'NVIDIA', 'GeForce GTX 1060 3 GB', 3072, 'GDDR5', 192, 120.00, 1506.00, 1708.00, 2002.00, 8008.00, 'PCIe 3.0 x16', '2016-08-18 00:00:00.000', 3);
INSERT INTO public.gpus
(id_gpu, id_processador_grafico, id_caracteristicas_graficas, id_render_config, nome_fabricante, nome_modelo, tam_memoria_kb, tp_memoria, tam_banda, tdp, gpu_clock, boost_clock, mem_clock, mem_clock_efetivo, bus_interface, dt_lancto, old_id)
VALUES('a8fb8a6d-5933-41ff-a118-a7527fa2c354'::uuid, 'ca9ca528-ff65-44aa-b46a-1c8fb4a90a00'::uuid, 'a9a17e79-fa0d-4b54-9d20-5b1a3d8f45c8'::uuid, 'fa878e4d-abc3-46f8-b1cb-15502a584a52'::uuid, 'NVIDIA', 'GeForce GTX 1650', 4096, 'GDDR5', 128, 75.00, 1485.00, 1665.00, 2000.00, 8000.00, 'PCIe 3.0 x16', '2019-04-23 00:00:00.000', 4);
INSERT INTO public.gpus
(id_gpu, id_processador_grafico, id_caracteristicas_graficas, id_render_config, nome_fabricante, nome_modelo, tam_memoria_kb, tp_memoria, tam_banda, tdp, gpu_clock, boost_clock, mem_clock, mem_clock_efetivo, bus_interface, dt_lancto, old_id)
VALUES('da28b013-f7ee-4a3f-b646-344052bc2200'::uuid, 'ca9ca528-ff65-44aa-b46a-1c8fb4a90a00'::uuid, 'a9a17e79-fa0d-4b54-9d20-5b1a3d8f45c8'::uuid, 'fa878e4d-abc3-46f8-b1cb-15502a584a52'::uuid, 'NVIDIA', 'MSI GTX 1650 GAMING X', 4096, 'GDDR5', 128, 75.00, 1485.00, 1860.00, 2000.00, 8000.00, 'PCIe 3.0 x16', '2019-04-23 00:00:00.000', 5);
INSERT INTO public.gpus
(id_gpu, id_processador_grafico, id_caracteristicas_graficas, id_render_config, nome_fabricante, nome_modelo, tam_memoria_kb, tp_memoria, tam_banda, tdp, gpu_clock, boost_clock, mem_clock, mem_clock_efetivo, bus_interface, dt_lancto, old_id)
VALUES('05d74819-c432-44ff-8bf5-45b9ed1b9c82'::uuid, '4bf5cf2c-522a-4140-a137-6fabd920451c'::uuid, 'b1134edb-e9ca-4a2e-b061-7595e5c22f03'::uuid, '599474aa-1b66-49d7-a1b9-9c67da3807e9'::uuid, 'AMD', 'MSI R9 290X', 4096, 'GDDR5', 512, 290.00, 1000.00, 1000.00, 1250.00, 5000.00, 'PCIe 3.0 x16', '2013-10-24 00:00:00.000', 6);
INSERT INTO public.gpus
(id_gpu, id_processador_grafico, id_caracteristicas_graficas, id_render_config, nome_fabricante, nome_modelo, tam_memoria_kb, tp_memoria, tam_banda, tdp, gpu_clock, boost_clock, mem_clock, mem_clock_efetivo, bus_interface, dt_lancto, old_id)
VALUES('78938b34-972a-4297-bc3e-4e8dfeaacbdd'::uuid, '106a547c-fba0-4c86-aba0-21ec4a3eafb0'::uuid, 'bb8e8e6b-8c83-401a-a1a0-2964a049de60'::uuid, '60324dcc-7977-4660-b127-7745b7f16b00'::uuid, 'AMD', 'GIGABYTE AORUS RX 580 XTR', 8192, 'GDDR5', 256, 185.00, 1257.00, 1425.00, 2000.00, 8000.00, 'PCIe 3.0 x16', '2017-04-18 00:00:00.000', 7);